{"channel_category":{"0":"Comedy","1":"Education","2":"Science & Technology","3":"Travel & Events"},"num_videos":{"0":6604,"1":3881,"2":8449,"3":4804},"median_title_length":{"0":17.0,"1":14.0,"2":12.0,"3":15.0},"median_num_tags":{"0":13.0,"1":13.0,"2":9.0,"3":12.0},"median_delta_upload_date":{"0":916.0,"1":1129.0,"2":1483.0,"3":870.0},"median_duration":{"0":17.9666666667,"1":9.0166666667,"2":5.95,"3":13.8833333333},"median_view_count":{"0":140783.0,"1":61817.0,"2":28233.0,"3":8974.0},"median_like_count":{"0":745.5,"1":403.0,"2":103.0,"3":63.0},"median_comment_count":{"0":44.0,"1":20.0,"2":32.0,"3":9.0},"median_dislike_count":{"0":81.0,"1":27.0,"2":12.0,"3":5.0},"median_like_per_view":{"0":0.0042036488,"1":0.0084327697,"2":0.0080508475,"3":0.0069854089},"median_comment_per_view":{"0":0.0003149421,"1":0.0010054138,"2":0.0011529304,"3":0.0010293464},"median_dislike_per_view":{"0":0.000526549,"1":0.0006899248,"2":0.0005361706,"3":0.0005605297}}